feature_set,model,fold,metric,value
A,Dummy,1,MAE,0.471507027948792
A,Dummy,2,MAE,0.4809988338996651
A,Dummy,3,MAE,0.4992526926886763
A,Dummy,4,MAE,0.517030080373152
A,Dummy,5,MAE,0.47033676803216884
A,Dummy,1,RMSE,0.5917313867992012
A,Dummy,2,RMSE,0.6043660121865879
A,Dummy,3,RMSE,0.6248652274704742
A,Dummy,4,RMSE,0.6372081655511352
A,Dummy,5,RMSE,0.6016793595092479
A,Dummy,1,R2,-0.0025975597186496113
A,Dummy,2,R2,-0.00044705721962512435
A,Dummy,3,R2,-0.04546561253489778
A,Dummy,4,R2,-0.007821348168534747
A,Dummy,5,R2,-0.0027217245078936525
A,Linear Regression,1,MAE,0.4588359103312166
A,Linear Regression,2,MAE,0.48435482039766936
A,Linear Regression,3,MAE,0.4881916649354473
A,Linear Regression,4,MAE,0.5092227022217429
A,Linear Regression,5,MAE,0.4584055166738337
A,Linear Regression,1,RMSE,0.5691221312734401
A,Linear Regression,2,RMSE,0.5990043523642251
A,Linear Regression,3,RMSE,0.6085635738931892
A,Linear Regression,4,RMSE,0.6275388267993456
A,Linear Regression,5,RMSE,0.5717305664253783
A,Linear Regression,1,R2,0.07255453938819467
A,Linear Regression,2,R2,0.017225223980221305
A,Linear Regression,3,R2,0.008371626825101286
A,Linear Regression,4,R2,0.022533028523067933
A,Linear Regression,5,R2,0.09461557215449745
A,Ridge,1,MAE,0.4549923829269161
A,Ridge,2,MAE,0.47835983089868905
A,Ridge,3,MAE,0.48268637713620555
A,Ridge,4,MAE,0.505498767773659
A,Ridge,5,MAE,0.45234610677597303
A,Ridge,1,RMSE,0.5649042596104131
A,Ridge,2,RMSE,0.5921501540382723
A,Ridge,3,RMSE,0.6026310832124339
A,Ridge,4,RMSE,0.6207701630542711
A,Ridge,5,RMSE,0.5658998320857274
A,Ridge,1,R2,0.0862505459163494
A,Ridge,2,R2,0.039587644500638786
A,Ridge,3,R2,0.027610872846773438
A,Ridge,4,R2,0.043505322002127755
A,Ridge,5,R2,0.11298834223901877
A,Random Forest,1,MAE,0.37106199312395116
A,Random Forest,2,MAE,0.3902424064551088
A,Random Forest,3,MAE,0.40697019615029095
A,Random Forest,4,MAE,0.42100380280063643
A,Random Forest,5,MAE,0.3614395203731439
A,Random Forest,1,RMSE,0.48203841764377053
A,Random Forest,2,RMSE,0.5036584133052725
A,Random Forest,3,RMSE,0.5210058571541141
A,Random Forest,4,RMSE,0.5412265822878561
A,Random Forest,5,RMSE,0.4753144977402578
A,Random Forest,1,R2,0.3346644398377301
A,Random Forest,2,R2,0.3051897265574389
A,Random Forest,3,R2,0.2731877332115098
A,Random Forest,4,R2,0.27292514361134657
A,Random Forest,5,R2,0.3742334856995865
A,Gradient Boosting,1,MAE,0.4142412628577814
A,Gradient Boosting,2,MAE,0.43670527433726697
A,Gradient Boosting,3,MAE,0.4474407518456789
A,Gradient Boosting,4,MAE,0.4613044708600827
A,Gradient Boosting,5,MAE,0.4122927174686983
A,Gradient Boosting,1,RMSE,0.5125859357841885
A,Gradient Boosting,2,RMSE,0.5419020215385403
A,Gradient Boosting,3,RMSE,0.553355750041088
A,Gradient Boosting,4,RMSE,0.5676374149789869
A,Gradient Boosting,5,RMSE,0.515948958418887
A,Gradient Boosting,1,R2,0.24766580223800538
A,Gradient Boosting,2,R2,0.19566755487960275
A,Gradient Boosting,3,R2,0.18012830828575854
A,Gradient Boosting,4,R2,0.200234039467599
A,Gradient Boosting,5,R2,0.2626669896956052
B,Dummy,1,MAE,0.471507027948792
B,Dummy,2,MAE,0.4809988338996651
B,Dummy,3,MAE,0.4992526926886763
B,Dummy,4,MAE,0.517030080373152
B,Dummy,5,MAE,0.47033676803216884
B,Dummy,1,RMSE,0.5917313867992012
B,Dummy,2,RMSE,0.6043660121865879
B,Dummy,3,RMSE,0.6248652274704742
B,Dummy,4,RMSE,0.6372081655511352
B,Dummy,5,RMSE,0.6016793595092479
B,Dummy,1,R2,-0.0025975597186496113
B,Dummy,2,R2,-0.00044705721962512435
B,Dummy,3,R2,-0.04546561253489778
B,Dummy,4,R2,-0.007821348168534747
B,Dummy,5,R2,-0.0027217245078936525
B,Linear Regression,1,MAE,0.432755226769721
B,Linear Regression,2,MAE,0.43826130969271276
B,Linear Regression,3,MAE,0.4481586763972659
B,Linear Regression,4,MAE,0.4659888111589645
B,Linear Regression,5,MAE,0.4157282598874025
B,Linear Regression,1,RMSE,0.5355728789423744
B,Linear Regression,2,RMSE,0.5380312241006749
B,Linear Regression,3,RMSE,0.5581771055272249
B,Linear Regression,4,RMSE,0.5713563916228513
B,Linear Regression,5,RMSE,0.5177805481036543
B,Linear Regression,1,R2,0.17867586587119133
B,Linear Regression,2,R2,0.2071171835316502
B,Linear Regression,3,R2,0.16577908163417598
B,Linear Regression,4,R2,0.1897200944373414
B,Linear Regression,5,R2,0.2574227166015126
B,Ridge,1,MAE,0.4302200157046884
B,Ridge,2,MAE,0.43249005709585975
B,Ridge,3,MAE,0.44188004068106507
B,Ridge,4,MAE,0.46375571193041143
B,Ridge,5,MAE,0.4112498475615251
B,Ridge,1,RMSE,0.5312376143190742
B,Ridge,2,RMSE,0.5326664056590544
B,Ridge,3,RMSE,0.5502911091635969
B,Ridge,4,RMSE,0.5690410198994729
B,Ridge,5,RMSE,0.5127146759299728
B,Ridge,1,R2,0.1919186811776603
B,Ridge,2,R2,0.2228503419485499
B,Ridge,3,R2,0.18918452400679975
B,Ridge,4,R2,0.19627396464873492
B,Ridge,5,R2,0.27188212112665977
B,Random Forest,1,MAE,0.36217455088629197
B,Random Forest,2,MAE,0.3882644119515483
B,Random Forest,3,MAE,0.39385462755256373
B,Random Forest,4,MAE,0.4126320167141735
B,Random Forest,5,MAE,0.3474093947779954
B,Random Forest,1,RMSE,0.4820942420544148
B,Random Forest,2,RMSE,0.5087185458175929
B,Random Forest,3,RMSE,0.5090848230969364
B,Random Forest,4,RMSE,0.5348644757820307
B,Random Forest,5,RMSE,0.4596255385409288
B,Random Forest,1,R2,0.33451032715768214
B,Random Forest,2,R2,0.29115841758993444
B,Random Forest,3,R2,0.30606732551532856
B,Random Forest,4,R2,0.28991817448339696
B,Random Forest,5,R2,0.41486173313986907
B,Gradient Boosting,1,MAE,0.37483283613519397
B,Gradient Boosting,2,MAE,0.3859616294211451
B,Gradient Boosting,3,MAE,0.39771359839081066
B,Gradient Boosting,4,MAE,0.42053318451691263
B,Gradient Boosting,5,MAE,0.3452276888288166
B,Gradient Boosting,1,RMSE,0.4830989597908659
B,Gradient Boosting,2,RMSE,0.4975279520919842
B,Gradient Boosting,3,RMSE,0.5075495961945505
B,Gradient Boosting,4,RMSE,0.5380882349507059
B,Gradient Boosting,5,RMSE,0.45646115576507373
B,Gradient Boosting,1,R2,0.3317335837155613
B,Gradient Boosting,2,R2,0.32200105840301896
B,Gradient Boosting,3,R2,0.31024634521526806
B,Gradient Boosting,4,R2,0.28133270477497097
B,Gradient Boosting,5,R2,0.4228909980109926
