column,value,count
Gender,Male,1551
Gender,Female,1062
Age,20,393
Age,23,365
Age,22,318
Age,24,281
Age,19,217
Age,21,199
Age,27,184
Age,26,184
Age,18,171
Age,25,157
Age,28,144
University Type,Private University,1445
University Type,Public University,1164
University Type,Other,4
Academic Level,Undergraduate,1587
Academic Level,Postgraduate,1026
Department/Discipline,English,394
Department/Discipline,CSE,289
Department/Discipline,BBA,235
Department/Discipline,EEE,222
Department/Discipline,Economics,215
Department/Discipline,Law,204
Department/Discipline,Pharmacy,175
Department/Discipline,Architecture,168
Department/Discipline,Mathematics,163
Department/Discipline,Civil Engineering,152
Department/Discipline,Software Engineering,50
Department/Discipline,Physics,18
Department/Discipline,Journalism and Media Studies,18
Department/Discipline,Sociology,17
Department/Discipline,Accounting,16
Department/Discipline,Human Resource Management,16
Department/Discipline,Finance,16
Department/Discipline,Mass Communication,16
Department/Discipline,Psychology,16
Department/Discipline,Information Technology,16
Department/Discipline,Chemical Engineering,15
Department/Discipline,Management,15
Department/Discipline,International Business,15
Department/Discipline,Chemistry,15
Department/Discipline,Marketing,14
Department/Discipline,Computer Science and Engineering,14
Department/Discipline,Statistics,14
Department/Discipline,Textile Engineering,14
Department/Discipline,Environmental Science,13
Department/Discipline,Mechanical Engineering,13
Department/Discipline,Industrial and Production Engineering,13
Department/Discipline,Development Studies,12
Department/Discipline,Public Administration,10
Department/Discipline,Electrical and Electronic Engineering,10
Department/Discipline,Political Science,10
AI Usage [I use generative AI tools regularly for academic purposes.],Agree,1034
AI Usage [I use generative AI tools regularly for academic purposes.],Strongly Agree,874
AI Usage [I use generative AI tools regularly for academic purposes.],Neutral,391
AI Usage [I use generative AI tools regularly for academic purposes.],Disagree,211
AI Usage [I use generative AI tools regularly for academic purposes.],Strongly Disagree,103
AI Usage [I use AI tools for assignment writing.],Strongly Agree,965
AI Usage [I use AI tools for assignment writing.],Agree,747
AI Usage [I use AI tools for assignment writing.],Neutral,591
AI Usage [I use AI tools for assignment writing.],Disagree,186
AI Usage [I use AI tools for assignment writing.],Strongly Disagree,124
AI Usage [I use AI tools for study planning.],Agree,851
AI Usage [I use AI tools for study planning.],Strongly Agree,765
AI Usage [I use AI tools for study planning.],Neutral,686
AI Usage [I use AI tools for study planning.],Disagree,205
AI Usage [I use AI tools for study planning.],Strongly Disagree,106
AI Usage [I use AI tools for research-related tasks.],Agree,956
AI Usage [I use AI tools for research-related tasks.],Strongly Agree,754
AI Usage [I use AI tools for research-related tasks.],Neutral,589
AI Usage [I use AI tools for research-related tasks.],Disagree,186
AI Usage [I use AI tools for research-related tasks.],Strongly Disagree,128
AI Usage [I depend on AI tools to complete academic work faster.],Strongly Agree,867
AI Usage [I depend on AI tools to complete academic work faster.],Agree,760
AI Usage [I depend on AI tools to complete academic work faster.],Neutral,473
AI Usage [I depend on AI tools to complete academic work faster.],Disagree,396
AI Usage [I depend on AI tools to complete academic work faster.],Strongly Disagree,117
Cognitive Dependence [I feel uncomfortable completing academic tasks without AI tools.],Agree,854
Cognitive Dependence [I feel uncomfortable completing academic tasks without AI tools.],Strongly Agree,643
Cognitive Dependence [I feel uncomfortable completing academic tasks without AI tools.],Disagree,417
Cognitive Dependence [I feel uncomfortable completing academic tasks without AI tools.],Neutral,385
Cognitive Dependence [I feel uncomfortable completing academic tasks without AI tools.],Strongly Disagree,314
Cognitive Dependence [I rely on AI before thinking independently.],Strongly Agree,877
Cognitive Dependence [I rely on AI before thinking independently.],Agree,636
Cognitive Dependence [I rely on AI before thinking independently.],Neutral,596
Cognitive Dependence [I rely on AI before thinking independently.],Disagree,391
Cognitive Dependence [I rely on AI before thinking independently.],Strongly Disagree,113
Cognitive Dependence [AI tools have become essential to my academic workflow.],Strongly Agree,890
Cognitive Dependence [AI tools have become essential to my academic workflow.],Agree,744
Cognitive Dependence [AI tools have become essential to my academic workflow.],Neutral,465
Cognitive Dependence [AI tools have become essential to my academic workflow.],Disagree,397
Cognitive Dependence [AI tools have become essential to my academic workflow.],Strongly Disagree,117
Cognitive Dependence [I use AI tools even for simple academic decisions.],Agree,743
Cognitive Dependence [I use AI tools even for simple academic decisions.],Strongly Agree,672
Cognitive Dependence [I use AI tools even for simple academic decisions.],Neutral,584
Cognitive Dependence [I use AI tools even for simple academic decisions.],Strongly Disagree,320
Cognitive Dependence [I use AI tools even for simple academic decisions.],Disagree,294
Cognitive Dependence [I feel less confident working without AI assistance.],Strongly Agree,830
Cognitive Dependence [I feel less confident working without AI assistance.],Agree,689
Cognitive Dependence [I feel less confident working without AI assistance.],Disagree,396
Cognitive Dependence [I feel less confident working without AI assistance.],Neutral,383
Cognitive Dependence [I feel less confident working without AI assistance.],Strongly Disagree,315
Trust in AI [I trust AI-generated academic responses.],Strongly Agree,781
Trust in AI [I trust AI-generated academic responses.],Agree,721
Trust in AI [I trust AI-generated academic responses.],Neutral,605
Trust in AI [I trust AI-generated academic responses.],Disagree,388
Trust in AI [I trust AI-generated academic responses.],Strongly Disagree,118
Trust in AI [AI tools usually provide reliable information.],Agree,884
Trust in AI [AI tools usually provide reliable information.],Strongly Agree,849
Trust in AI [AI tools usually provide reliable information.],Neutral,582
Trust in AI [AI tools usually provide reliable information.],Disagree,185
Trust in AI [AI tools usually provide reliable information.],Strongly Disagree,113
Trust in AI [I rarely verify AI-generated answers before using them.],Strongly Agree,800
Trust in AI [I rarely verify AI-generated answers before using them.],Agree,732
Trust in AI [I rarely verify AI-generated answers before using them.],Disagree,386
Trust in AI [I rarely verify AI-generated answers before using them.],Neutral,386
Trust in AI [I rarely verify AI-generated answers before using them.],Strongly Disagree,309
Trust in AI [I believe AI tools make better academic suggestions than I can myself.],Agree,774
Trust in AI [I believe AI tools make better academic suggestions than I can myself.],Neutral,698
Trust in AI [I believe AI tools make better academic suggestions than I can myself.],Strongly Agree,635
Trust in AI [I believe AI tools make better academic suggestions than I can myself.],Disagree,397
Trust in AI [I believe AI tools make better academic suggestions than I can myself.],Strongly Disagree,109
Trust in AI [I trust AI recommendations for academic decision-making.],Strongly Agree,865
Trust in AI [I trust AI recommendations for academic decision-making.],Agree,657
Trust in AI [I trust AI recommendations for academic decision-making.],Neutral,591
Trust in AI [I trust AI recommendations for academic decision-making.],Disagree,386
Trust in AI [I trust AI recommendations for academic decision-making.],Strongly Disagree,114
Critical Thinking [Using AI tools reduces my need to think deeply.],Agree,940
Critical Thinking [Using AI tools reduces my need to think deeply.],Strongly Agree,741
Critical Thinking [Using AI tools reduces my need to think deeply.],Neutral,501
Critical Thinking [Using AI tools reduces my need to think deeply.],Disagree,307
Critical Thinking [Using AI tools reduces my need to think deeply.],Strongly Disagree,124
Critical Thinking [I analyze less when using AI-generated responses.],Agree,986
Critical Thinking [I analyze less when using AI-generated responses.],Strongly Agree,861
Critical Thinking [I analyze less when using AI-generated responses.],Neutral,454
Critical Thinking [I analyze less when using AI-generated responses.],Disagree,201
Critical Thinking [I analyze less when using AI-generated responses.],Strongly Disagree,111
Critical Thinking [I prefer AI explanations over conducting my own research.],Strongly Agree,858
Critical Thinking [I prefer AI explanations over conducting my own research.],Agree,639
Critical Thinking [I prefer AI explanations over conducting my own research.],Neutral,608
Critical Thinking [I prefer AI explanations over conducting my own research.],Disagree,402
Critical Thinking [I prefer AI explanations over conducting my own research.],Strongly Disagree,106
Critical Thinking [AI tools reduce my independent problem-solving efforts.],Agree,930
Critical Thinking [AI tools reduce my independent problem-solving efforts.],Strongly Agree,776
Critical Thinking [AI tools reduce my independent problem-solving efforts.],Neutral,497
Critical Thinking [AI tools reduce my independent problem-solving efforts.],Disagree,312
Critical Thinking [AI tools reduce my independent problem-solving efforts.],Strongly Disagree,98
Critical Thinking [I rely more on AI-generated ideas than my own thinking.],Agree,960
Critical Thinking [I rely more on AI-generated ideas than my own thinking.],Strongly Agree,769
Critical Thinking [I rely more on AI-generated ideas than my own thinking.],Disagree,386
Critical Thinking [I rely more on AI-generated ideas than my own thinking.],Neutral,379
Critical Thinking [I rely more on AI-generated ideas than my own thinking.],Strongly Disagree,119
Academic Decision-Making [AI tools influence my academic decisions.],Agree,834
Academic Decision-Making [AI tools influence my academic decisions.],Strongly Agree,746
Academic Decision-Making [AI tools influence my academic decisions.],Neutral,542
Academic Decision-Making [AI tools influence my academic decisions.],Disagree,372
Academic Decision-Making [AI tools influence my academic decisions.],Strongly Disagree,119
Academic Decision-Making [I use AI suggestions for study-related decisions.],Agree,851
Academic Decision-Making [I use AI suggestions for study-related decisions.],Strongly Agree,760
Academic Decision-Making [I use AI suggestions for study-related decisions.],Neutral,709
Academic Decision-Making [I use AI suggestions for study-related decisions.],Disagree,199
Academic Decision-Making [I use AI suggestions for study-related decisions.],Strongly Disagree,94
Academic Decision-Making [AI tools help me choose research topics or project ideas.],Strongly Agree,1098
Academic Decision-Making [AI tools help me choose research topics or project ideas.],Agree,629
Academic Decision-Making [AI tools help me choose research topics or project ideas.],Neutral,595
Academic Decision-Making [AI tools help me choose research topics or project ideas.],Disagree,188
Academic Decision-Making [AI tools help me choose research topics or project ideas.],Strongly Disagree,103
Academic Decision-Making [I use AI recommendations to improve academic performance.],Agree,936
Academic Decision-Making [I use AI recommendations to improve academic performance.],Strongly Agree,769
Academic Decision-Making [I use AI recommendations to improve academic performance.],Neutral,406
Academic Decision-Making [I use AI recommendations to improve academic performance.],Disagree,386
Academic Decision-Making [I use AI recommendations to improve academic performance.],Strongly Disagree,116
Academic Decision-Making [AI tools positively affect my academic decision-making process.],Agree,884
Academic Decision-Making [AI tools positively affect my academic decision-making process.],Strongly Agree,740
Academic Decision-Making [AI tools positively affect my academic decision-making process.],Neutral,483
Academic Decision-Making [AI tools positively affect my academic decision-making process.],Disagree,398
Academic Decision-Making [AI tools positively affect my academic decision-making process.],Strongly Disagree,108
